<Objs Version="1.1.0.1" xmlns="http://schemas.microsoft.com/powershell/2004/04">
  <Obj RefId="0">
    <TN RefId="0">
      <T>Microsoft.PowerShell.Commands.PSRepositoryItemInfo</T>
      <T>System.Management.Automation.PSCustomObject</T>
      <T>System.Object</T>
    </TN>
    <MS>
      <S N="Name">ActiveDirectoryDsc</S>
      <Version N="Version">6.4.0</Version>
      <S N="Type">Module</S>
      <S N="Description">The ActiveDirectoryDsc module contains DSC resources for deployment and configuration of Active Directory._x000D__x000A__x000D__x000A_These DSC resources allow you to configure new domains, child domains, and high availability domain controllers, establish cross-domain trusts and manage users, groups and OUs.</S>
      <S N="Author">DSC Community</S>
      <Obj N="CompanyName" RefId="1">
        <TN RefId="1">
          <T>System.Object[]</T>
          <T>System.Array</T>
          <T>System.Object</T>
        </TN>
        <LST>
          <S>PowerShellTeam</S>
          <S>gaelcolas</S>
          <S>dsccommunity</S>
        </LST>
      </Obj>
      <S N="Copyright">Copyright the DSC Community contributors. All rights reserved.</S>
      <DT N="PublishedDate">2024-02-14T20:10:02+01:00</DT>
      <Obj N="InstalledDate" RefId="2">
        <DT>2024-03-14T09:54:00.8570971+01:00</DT>
        <MS>
          <Obj N="DisplayHint" RefId="3">
            <TN RefId="2">
              <T>Microsoft.PowerShell.Commands.DisplayHintType</T>
              <T>System.Enum</T>
              <T>System.ValueType</T>
              <T>System.Object</T>
            </TN>
            <ToString>DateTime</ToString>
            <I32>2</I32>
          </Obj>
        </MS>
      </Obj>
      <Nil N="UpdatedDate" />
      <URI N="LicenseUri">https://github.com/dsccommunity/ActiveDirectoryDsc/blob/main/LICENSE</URI>
      <URI N="ProjectUri">https://github.com/dsccommunity/ActiveDirectoryDsc</URI>
      <URI N="IconUri">https://dsccommunity.org/images/DSC_Logo_300p.png</URI>
      <Obj N="Tags" RefId="4">
        <TNRef RefId="1" />
        <LST>
          <S>DesiredStateConfiguration</S>
          <S>DSC</S>
          <S>DSCResourceKit</S>
          <S>DSCResource</S>
          <S>PSModule</S>
        </LST>
      </Obj>
      <Obj N="Includes" RefId="5">
        <TN RefId="3">
          <T>System.Collections.Hashtable</T>
          <T>System.Object</T>
        </TN>
        <DCT>
          <En>
            <S N="Key">Function</S>
            <Obj N="Value" RefId="6">
              <TNRef RefId="1" />
              <LST>
                <S>Find-DomainController</S>
              </LST>
            </Obj>
          </En>
          <En>
            <S N="Key">Command</S>
            <Obj N="Value" RefId="7">
              <TNRef RefId="1" />
              <LST>
                <S>Find-DomainController</S>
              </LST>
            </Obj>
          </En>
          <En>
            <S N="Key">RoleCapability</S>
            <Obj N="Value" RefId="8">
              <TNRef RefId="1" />
              <LST />
            </Obj>
          </En>
          <En>
            <S N="Key">Cmdlet</S>
            <Ref N="Value" RefId="8" />
          </En>
          <En>
            <S N="Key">Workflow</S>
            <Ref N="Value" RefId="8" />
          </En>
          <En>
            <S N="Key">DscResource</S>
            <Obj N="Value" RefId="9">
              <TNRef RefId="1" />
              <LST>
                <S>ADComputer</S>
                <S>ADDomain</S>
                <S>ADDomainController</S>
                <S>ADDomainControllerProperties</S>
                <S>ADDomainDefaultPasswordPolicy</S>
                <S>ADDomainFunctionalLevel</S>
                <S>ADDomainTrust</S>
                <S>ADFineGrainedPasswordPolicy</S>
                <S>ADForestFunctionalLevel</S>
                <S>ADForestProperties</S>
                <S>ADGroup</S>
                <S>ADKDSKey</S>
                <S>ADManagedServiceAccount</S>
                <S>ADObjectEnabledState</S>
                <S>ADObjectPermissionEntry</S>
                <S>ADOptionalFeature</S>
                <S>ADOrganizationalUnit</S>
                <S>ADReplicationSite</S>
                <S>ADReplicationSiteLink</S>
                <S>ADServicePrincipalName</S>
                <S>ADUser</S>
                <S>WaitForADDomain</S>
                <S>ADReplicationSubnet</S>
              </LST>
            </Obj>
          </En>
        </DCT>
      </Obj>
      <Nil N="PowerShellGetFormatVersion" />
      <S N="ReleaseNotes">## [6.4.0] - 2024-02-14_x000D__x000A__x000D__x000A_### Added_x000D__x000A__x000D__x000A_- ADDomain_x000D__x000A_  - Added support for creating a Tree domain via the DomainType field_x000D__x000A_    ([issue #689](https://github.com/dsccommunity/ActiveDirectoryDsc/issues/689))_x000D__x000A_    ([issue #692](https://github.com/dsccommunity/ActiveDirectoryDsc/issues/692))._x000D__x000A__x000D__x000A_### Fixed_x000D__x000A__x000D__x000A_- Move test pipeline to Windows PowerShell. The hosted agent was updated_x000D__x000A_  to PowerShell 7.4.1. That broke the ASKDSKey unit tests that has a helper_x000D__x000A_  function (`Copy-ArrayObjects`) that serializes objects._x000D__x000A_- ADSRootKey_x000D__x000A_  -  Resolved 'String was not recognized as a valid DateTime' in non-US cultures ([issue #702](https://github.com/dsccommunity/ActiveDirectoryDsc/issues/702)).</S>
      <Obj N="Dependencies" RefId="10">
        <TNRef RefId="1" />
        <LST />
      </Obj>
      <S N="RepositorySourceLocation">https://www.powershellgallery.com/api/v2</S>
      <S N="Repository">PSGallery</S>
      <S N="PackageManagementProvider">NuGet</S>
      <Obj N="AdditionalMetadata" RefId="11">
        <TN RefId="4">
          <T>System.Management.Automation.PSCustomObject</T>
          <T>System.Object</T>
        </TN>
        <MS>
          <S N="copyright">Copyright the DSC Community contributors. All rights reserved.</S>
          <S N="description">The ActiveDirectoryDsc module contains DSC resources for deployment and configuration of Active Directory._x000D__x000A__x000D__x000A_These DSC resources allow you to configure new domains, child domains, and high availability domain controllers, establish cross-domain trusts and manage users, groups and OUs.</S>
          <S N="requireLicenseAcceptance">False</S>
          <S N="releaseNotes">## [6.4.0] - 2024-02-14_x000D__x000A__x000D__x000A_### Added_x000D__x000A__x000D__x000A_- ADDomain_x000D__x000A_  - Added support for creating a Tree domain via the DomainType field_x000D__x000A_    ([issue #689](https://github.com/dsccommunity/ActiveDirectoryDsc/issues/689))_x000D__x000A_    ([issue #692](https://github.com/dsccommunity/ActiveDirectoryDsc/issues/692))._x000D__x000A__x000D__x000A_### Fixed_x000D__x000A__x000D__x000A_- Move test pipeline to Windows PowerShell. The hosted agent was updated_x000D__x000A_  to PowerShell 7.4.1. That broke the ASKDSKey unit tests that has a helper_x000D__x000A_  function (`Copy-ArrayObjects`) that serializes objects._x000D__x000A_- ADSRootKey_x000D__x000A_  -  Resolved 'String was not recognized as a valid DateTime' in non-US cultures ([issue #702](https://github.com/dsccommunity/ActiveDirectoryDsc/issues/702)).</S>
          <S N="isLatestVersion">True</S>
          <S N="isAbsoluteLatestVersion">True</S>
          <S N="versionDownloadCount">63815</S>
          <S N="downloadCount">5720383</S>
          <S N="packageSize">268129</S>
          <S N="published">2/14/2024 8:10:02 PM +01:00</S>
          <S N="created">2/14/2024 8:10:02 PM +01:00</S>
          <S N="lastUpdated">3/14/2024 8:49:32 AM +01:00</S>
          <S N="tags">DesiredStateConfiguration DSC DSCResourceKit DSCResource PSModule</S>
          <S N="developmentDependency">False</S>
          <S N="updated">2024-03-14T08:49:32Z</S>
          <S N="NormalizedVersion">6.4.0</S>
          <S N="Authors">DSC Community</S>
          <S N="IsPrerelease">false</S>
          <S N="ItemType">Module</S>
          <S N="FileList">ActiveDirectoryDsc.nuspec|ActiveDirectoryDsc.psm1|DSCResources\MSFT_WaitForADDomain\en-US\about_WaitForADDomain.help.txt|DSCResources\MSFT_WaitForADDomain\en-US\MSFT_WaitForADDomain.strings.psd1|ActiveDirectoryDsc.psd1|DSCResources\MSFT_ADUser\en-US\MSFT_ADUser.strings.psd1|en-US\about_ActiveDirectoryDsc.help.txt|DSCResources\MSFT_ADUser\en-US\about_ADUser.help.txt|DSCResources\MSFT_ADServicePrincipalName\README.md|DSCResources\MSFT_ADManagedServiceAccount\en-US\about_ADManagedServiceAccount.help.txt|DSCResources\MSFT_ADServicePrincipalName\MSFT_ADServicePrincipalName.psm1|DSCResources\MSFT_ADManagedServiceAccount\en-US\MSFT_ADManagedServiceAccount.strings.psd1|DSCResources\MSFT_ADServicePrincipalName\MSFT_ADServicePrincipalName.schema.mof|DSCResources\MSFT_ADForestFunctionalLevel\en-US\about_ADForestFunctionalLevel.help.txt|DSCResources\MSFT_ADDomainDefaultPasswordPolicy\README.md|DSCResources\MSFT_ADForestFunctionalLevel\en-US\MSFT_ADForestFunctionalLevel.strings.psd1|DSCResources\MSFT_ADDomainDefaultPasswordPolicy\MSFT_ADDomainDefaultPasswordPolicy.schema.mof|DSCResources\MSFT_ADDomainControllerProperties\en-US\MSFT_ADDomainControllerProperties.strings.psd1|DSCResources\MSFT_ADDomainDefaultPasswordPolicy\MSFT_ADDomainDefaultPasswordPolicy.psm1|DSCResources\MSFT_ADDomainControllerProperties\en-US\about_ADDomainControllerProperties.help.txt|DSCResources\MSFT_WaitForADDomain\README.md|DSCResources\MSFT_ADDomainController\en-US\about_ADDomainController.help.txt|DSCResources\MSFT_WaitForADDomain\MSFT_WaitForADDomain.schema.mof|DSCResources\MSFT_ADDomainController\en-US\MSFT_ADDomainController.strings.psd1|DSCResources\MSFT_WaitForADDomain\MSFT_WaitForADDomain.psm1|DSCResources\MSFT_ADOptionalFeature\en-US\about_ADOptionalFeature.help.txt|DSCResources\MSFT_ADUser\README.md|DSCResources\MSFT_ADOptionalFeature\en-US\MSFT_ADOptionalFeature.strings.psd1|DSCResources\MSFT_ADUser\MSFT_ADUser.schema.mof|DSCResources\MSFT_ADComputer\en-US\about_ADComputer.help.txt|DSCResources\MSFT_ADUser\MSFT_ADUser.psm1|DSCResources\MSFT_ADComputer\en-US\MSFT_ADComputer.strings.psd1|DSCResources\MSFT_ADUser\MSFT_ADUser.PropertyMap.psd1|DSCResources\MSFT_ADReplicationSubnet\en-US\about_ADReplicationSubnet.help.txt|DSCResources\MSFT_ADManagedServiceAccount\README.md|DSCResources\MSFT_ADReplicationSubnet\en-US\MSFT_ADReplicationSubnet.strings.psd1|DSCResources\MSFT_ADManagedServiceAccount\MSFT_ADManagedServiceAccount.schema.mof|DSCResources\MSFT_ADReplicationSiteLink\en-US\about_ADReplicationSiteLink.help.txt|DSCResources\MSFT_ADManagedServiceAccount\MSFT_ADManagedServiceAccount.psm1|DSCResources\MSFT_ADReplicationSiteLink\en-US\MSFT_ADReplicationSiteLink.strings.psd1|DSCResources\MSFT_ADForestFunctionalLevel\README.md|DSCResources\MSFT_ADFineGrainedPasswordPolicy\en-US\about_ADFineGrainedPasswordPolicy.help.txt|DSCResources\MSFT_ADForestFunctionalLevel\MSFT_ADForestFunctionalLevel.psm1|DSCResources\MSFT_ADFineGrainedPasswordPolicy\en-US\MSFT_ADFineGrainedPasswordPolicy.strings.psd1|DSCResources\MSFT_ADForestFunctionalLevel\MSFT_ADForestFunctionalLevel.schema.mof|DSCResources\MSFT_ADReplicationSite\en-US\MSFT_ADReplicationSite.strings.psd1|DSCResources\MSFT_ADDomainControllerProperties\README.md|DSCResources\MSFT_ADReplicationSite\en-US\about_ADReplicationSite.help.txt|DSCResources\MSFT_ADDomainControllerProperties\MSFT_ADDomainControllerProperties.schema.mof|DSCResources\MSFT_ADKDSKey\en-US\about_ADKDSKey.help.txt|DSCResources\MSFT_ADDomainControllerProperties\MSFT_ADDomainControllerProperties.psm1|DSCResources\MSFT_ADKDSKey\en-US\MSFT_ADKDSKey.strings.psd1|DSCResources\MSFT_ADDomainController\README.md|DSCResources\MSFT_ADObjectPermissionEntry\en-US\about_ADObjectPermissionEntry.help.txt|DSCResources\MSFT_ADDomainController\MSFT_ADDomainController.psm1|DSCResources\MSFT_ADObjectPermissionEntry\en-US\MSFT_ADObjectPermissionEntry.strings.psd1|DSCResources\MSFT_ADDomainController\MSFT_ADDomainController.schema.mof|DSCResources\MSFT_ADObjectEnabledState\en-US\about_ADObjectEnabledState.help.txt|DSCResources\MSFT_ADOptionalFeature\README.md|DSCResources\MSFT_ADObjectEnabledState\en-US\MSFT_ADObjectEnabledState.strings.psd1|DSCResources\MSFT_ADOptionalFeature\MSFT_ADOptionalFeature.schema.mof|DSCResources\MSFT_ADDomainTrust\en-US\MSFT_ADDomainTrust.strings.psd1|DSCResources\MSFT_ADOptionalFeature\MSFT_ADOptionalFeature.psm1|DSCResources\MSFT_ADDomainTrust\en-US\about_ADDomainTrust.help.txt|DSCResources\MSFT_ADComputer\README.md|DSCResources\MSFT_ADDomain\en-US\about_ADDomain.help.txt|DSCResources\MSFT_ADComputer\MSFT_ADComputer.schema.mof|DSCResources\MSFT_ADDomain\en-US\MSFT_ADDomain.strings.psd1|DSCResources\MSFT_ADComputer\MSFT_ADComputer.psm1|DSCResources\MSFT_ADForestProperties\en-US\about_ADForestProperties.help.txt|DSCResources\MSFT_ADReplicationSubnet\README.md|DSCResources\MSFT_ADForestProperties\en-US\MSFT_ADForestProperties.strings.psd1|DSCResources\MSFT_ADReplicationSubnet\MSFT_ADReplicationSubnet.psm1|DSCResources\MSFT_ADDomainFunctionalLevel\en-US\about_ADDomainFunctionalLevel.help.txt|DSCResources\MSFT_ADReplicationSubnet\MSFT_ADReplicationSubnet.schema.mof|DSCResources\MSFT_ADDomainFunctionalLevel\en-US\MSFT_ADDomainFunctionalLevel.strings.psd1|DSCResources\MSFT_ADReplicationSiteLink\README.md|DSCResources\MSFT_ADOrganizationalUnit\en-US\MSFT_ADOrganizationalUnit.strings.psd1|DSCResources\MSFT_ADReplicationSiteLink\MSFT_ADReplicationSiteLink.psm1|DSCResources\MSFT_ADOrganizationalUnit\en-US\about_ADOrganizationalUnit.help.txt|DSCResources\MSFT_ADReplicationSiteLink\MSFT_ADReplicationSiteLink.schema.mof|DSCResources\MSFT_ADGroup\en-US\MSFT_ADGroup.strings.psd1|DSCResources\MSFT_ADFineGrainedPasswordPolicy\README.md|DSCResources\MSFT_ADGroup\en-US\about_ADGroup.help.txt|DSCResources\MSFT_ADFineGrainedPasswordPolicy\MSFT_ADFineGrainedPasswordPolicy.schema.mof|Modules\DscResource.Common\0.17.0\DscResource.Common.psd1|DSCResources\MSFT_ADFineGrainedPasswordPolicy\MSFT_ADFineGrainedPasswordPolicy.psm1|Modules\DscResource.Common\0.17.0\DscResource.Common.psm1|DSCResources\MSFT_ADReplicationSite\README.md|Modules\ActiveDirectoryDsc.Common\docs\ConvertFrom-TimeSpan.md|DSCResources\MSFT_ADReplicationSite\MSFT_ADReplicationSite.psm1|Modules\ActiveDirectoryDsc.Common\docs\Get-ADDomainNameFromDistinguishedName.md|DSCResources\MSFT_ADReplicationSite\MSFT_ADReplicationSite.schema.mof|Modules\ActiveDirectoryDsc.Common\docs\Get-ByteContent.md|DSCResources\MSFT_ADKDSKey\README.md|Modules\ActiveDirectoryDsc.Common\docs\Get-ADCommonParameters.md|DSCResources\MSFT_ADKDSKey\MSFT_ADKDSKey.psm1|Modules\ActiveDirectoryDsc.Common\docs\ConvertTo-DeploymentForestMode.md|DSCResources\MSFT_ADKDSKey\MSFT_ADKDSKey.schema.mof|Modules\ActiveDirectoryDsc.Common\docs\Convert-PropertyMapToObjectProperties.md|DSCResources\MSFT_ADObjectPermissionEntry\README.md|Modules\ActiveDirectoryDsc.Common\docs\Test-Members.md|DSCResources\MSFT_ADObjectPermissionEntry\MSFT_ADObjectPermissionEntry.psm1|Modules\ActiveDirectoryDsc.Common\docs\ConvertTo-TimeSpan.md|DSCResources\MSFT_ADObjectPermissionEntry\MSFT_ADObjectPermissionEntry.schema.mof|Modules\ActiveDirectoryDsc.Common\docs\ConvertTo-DeploymentDomainMode.md|DSCResources\MSFT_ADObjectEnabledState\README.md|Modules\ActiveDirectoryDsc.Common\docs\Test-Password.md|DSCResources\MSFT_ADObjectEnabledState\MSFT_ADObjectEnabledState.psm1|Modules\ActiveDirectoryDsc.Common\docs\Remove-DuplicateMembers.md|DSCResources\MSFT_ADObjectEnabledState\MSFT_ADObjectEnabledState.schema.mof|Modules\ActiveDirectoryDsc.Common\docs\Resolve-SecurityIdentifier.md|DSCResources\MSFT_ADDomainTrust\README.md|Modules\ActiveDirectoryDsc.Common\docs\Start-ProcessWithTimeout.md|DSCResources\MSFT_ADDomainTrust\MSFT_ADDomainTrust.schema.mof|Modules\ActiveDirectoryDsc.Common\docs\Restore-ADCommonObject.md|DSCResources\MSFT_ADDomainTrust\MSFT_ADDomainTrust.psm1|Modules\ActiveDirectoryDsc.Common\docs\Assert-ADPSDrive.md|DSCResources\MSFT_ADDomain\README.md|Modules\ActiveDirectoryDsc.Common\docs\Find-DomainController.md|DSCResources\MSFT_ADDomain\MSFT_ADDomain.psm1|Modules\ActiveDirectoryDsc.Common\docs\Get-CurrentUser.md|DSCResources\MSFT_ADDomain\MSFT_ADDomain.schema.mof|Modules\ActiveDirectoryDsc.Common\docs\Get-ActiveDirectoryDomain.md|DSCResources\MSFT_ADForestProperties\README.md|Modules\ActiveDirectoryDsc.Common\docs\Get-DomainControllerObject.md|DSCResources\MSFT_ADForestProperties\MSFT_ADForestProperties.psm1|Modules\ActiveDirectoryDsc.Common\docs\Test-DomainMember.md|DSCResources\MSFT_ADForestProperties\MSFT_ADForestProperties.schema.mof|Modules\ActiveDirectoryDsc.Common\docs\Test-ADReplicationSite.md|DSCResources\MSFT_ADDomainFunctionalLevel\README.md|Modules\ActiveDirectoryDsc.Common\docs\Get-ActiveDirectoryForest.md|DSCResources\MSFT_ADDomainFunctionalLevel\MSFT_ADDomainFunctionalLevel.psm1|Modules\ActiveDirectoryDsc.Common\docs\Add-TypeAssembly.md|DSCResources\MSFT_ADDomainFunctionalLevel\MSFT_ADDomainFunctionalLevel.schema.mof|Modules\ActiveDirectoryDsc.Common\docs\Test-IsDomainController.md|DSCResources\MSFT_ADOrganizationalUnit\README.md|Modules\ActiveDirectoryDsc.Common\docs\Get-DomainObject.md|DSCResources\MSFT_ADOrganizationalUnit\MSFT_ADOrganizationalUnit.psm1|Modules\ActiveDirectoryDsc.Common\docs\New-CimCredentialInstance.md|DSCResources\MSFT_ADOrganizationalUnit\MSFT_ADOrganizationalUnit.schema.mof|Modules\ActiveDirectoryDsc.Common\docs\Get-DomainName.md|DSCResources\MSFT_ADGroup\README.md|Modules\ActiveDirectoryDsc.Common\docs\Resolve-SamAccountName.md|DSCResources\MSFT_ADGroup\MSFT_ADGroup.psm1|Modules\ActiveDirectoryDsc.Common\docs\Resolve-MembersSecurityIdentifier.md|DSCResources\MSFT_ADGroup\MSFT_ADGroup.schema.mof|Modules\ActiveDirectoryDsc.Common\docs\Get-ADObjectParentDN.md|Modules\ActiveDirectoryDsc.Common\README.md|Modules\ActiveDirectoryDsc.Common\docs\Get-ADDirectoryContext.md|Modules\ActiveDirectoryDsc.Common\Build-Readme.ps1|Modules\ActiveDirectoryDsc.Common\docs\Set-ADCommonGroupMember.md|Modules\ActiveDirectoryDsc.Common\ActiveDirectoryDsc.Common.psd1|Modules\ActiveDirectoryDsc.Common\docs\Assert-MemberParameters.md|Modules\ActiveDirectoryDsc.Common\ActiveDirectoryDsc.Common.psm1|Modules\ActiveDirectoryDsc.Common\docs\Compare-ResourcePropertyState.md|DSCResources\MSFT_ADServicePrincipalName\en-US\MSFT_ADServicePrincipalName.strings.psd1|Modules\ActiveDirectoryDsc.Common\en-US\ActiveDirectoryDsc.Common.strings.psd1|DSCResources\MSFT_ADServicePrincipalName\en-US\about_ADServicePrincipalName.help.txt|Modules\DscResource.Common\0.17.0\en-US\about_DscResource.Common.help.txt|DSCResources\MSFT_ADDomainDefaultPasswordPolicy\en-US\MSFT_ADDomainDefaultPasswordPolicy.strings.psd1|Modules\DscResource.Common\0.17.0\en-US\DscResource.Common.strings.psd1|DSCResources\MSFT_ADDomainDefaultPasswordPolicy\en-US\about_ADDomainDefaultPasswordPolicy.help.txt|Modules\DscResource.Common\0.17.0\en-US\DscResource.Common-help.xml</S>
          <S N="Functions">Find-DomainController</S>
          <S N="DscResources">ADComputer ADDomain ADDomainController ADDomainControllerProperties ADDomainDefaultPasswordPolicy ADDomainFunctionalLevel ADDomainTrust ADFineGrainedPasswordPolicy ADForestFunctionalLevel ADForestProperties ADGroup ADKDSKey ADManagedServiceAccount ADObjectEnabledState ADObjectPermissionEntry ADOptionalFeature ADOrganizationalUnit ADReplicationSite ADReplicationSiteLink ADServicePrincipalName ADUser WaitForADDomain ADReplicationSubnet</S>
          <S N="GUID">9FECD4F6-8F02-4707-99B3-539E940E9FF5</S>
          <S N="PowerShellVersion">5.0</S>
          <S N="CLRVersion">4.0</S>
          <S N="CompanyName">DSC Community</S>
        </MS>
      </Obj>
      <S N="InstalledLocation">C:\Users\hein.vanruitenbeek\OneDrive - Ekco Cloud Limited\Documents\PowerShell\Modules\ActiveDirectoryDsc\6.4.0</S>
    </MS>
  </Obj>
</Objs>
