<Objs Version="1.1.0.1" xmlns="http://schemas.microsoft.com/powershell/2004/04">
  <Obj RefId="0">
    <TN RefId="0">
      <T>Microsoft.PowerShell.Commands.PSRepositoryItemInfo</T>
      <T>System.Management.Automation.PSCustomObject</T>
      <T>System.Object</T>
    </TN>
    <MS>
      <S N="Name">cChoco</S>
      <Version N="Version">2.6.0.0</Version>
      <S N="Type">Module</S>
      <S N="Description">Chocolatey DSC Resources for use with internal packages and the community package repository. Learn more at http://chocolatey.org/</S>
      <S N="Author">Chocolatey Software Lawrence Gripper Javy de Koning</S>
      <Obj N="CompanyName" RefId="1">
        <TN RefId="1">
          <T>System.Object[]</T>
          <T>System.Array</T>
          <T>System.Object</T>
        </TN>
        <LST>
          <S>StevenMurawski</S>
          <S>lawrencegripper</S>
          <S>gep13</S>
          <S>ferventcoder</S>
          <S>pauby</S>
        </LST>
      </Obj>
      <S N="Copyright">(c) 2017 Chocolatey Software, Inc (c) 2013-2017 Lawrence Gripper, All rights reserved.</S>
      <DT N="PublishedDate">2023-10-06T13:35:18+02:00</DT>
      <Obj N="InstalledDate" RefId="2">
        <DT>2024-03-20T14:42:56.6264754+01:00</DT>
        <MS>
          <Obj N="DisplayHint" RefId="3">
            <TN RefId="2">
              <T>Microsoft.PowerShell.Commands.DisplayHintType</T>
              <T>System.Enum</T>
              <T>System.ValueType</T>
              <T>System.Object</T>
            </TN>
            <ToString>DateTime</ToString>
            <I32>2</I32>
          </Obj>
        </MS>
      </Obj>
      <Nil N="UpdatedDate" />
      <Nil N="LicenseUri" />
      <Nil N="ProjectUri" />
      <Nil N="IconUri" />
      <Obj N="Tags" RefId="4">
        <TNRef RefId="1" />
        <LST>
          <S>PSModule</S>
        </LST>
      </Obj>
      <Obj N="Includes" RefId="5">
        <TN RefId="3">
          <T>System.Collections.Hashtable</T>
          <T>System.Object</T>
        </TN>
        <DCT>
          <En>
            <S N="Key">Workflow</S>
            <Obj N="Value" RefId="6">
              <TNRef RefId="1" />
              <LST />
            </Obj>
          </En>
          <En>
            <S N="Key">Cmdlet</S>
            <Ref N="Value" RefId="6" />
          </En>
          <En>
            <S N="Key">Function</S>
            <Ref N="Value" RefId="6" />
          </En>
          <En>
            <S N="Key">DscResource</S>
            <Obj N="Value" RefId="7">
              <TNRef RefId="1" />
              <LST>
                <S>cChocoConfig</S>
                <S>cChocoFeature</S>
                <S>cChocoInstaller</S>
                <S>cChocoPackageInstall</S>
                <S>cChocoPackageInstallerSet</S>
                <S>cChocoSource</S>
              </LST>
            </Obj>
          </En>
          <En>
            <S N="Key">RoleCapability</S>
            <Ref N="Value" RefId="6" />
          </En>
          <En>
            <S N="Key">Command</S>
            <Ref N="Value" RefId="6" />
          </En>
        </DCT>
      </Obj>
      <Nil N="PowerShellGetFormatVersion" />
      <Nil N="ReleaseNotes" />
      <Obj N="Dependencies" RefId="8">
        <TNRef RefId="1" />
        <LST />
      </Obj>
      <S N="RepositorySourceLocation">https://www.powershellgallery.com/api/v2</S>
      <S N="Repository">PSGallery</S>
      <S N="PackageManagementProvider">NuGet</S>
      <Obj N="AdditionalMetadata" RefId="9">
        <TN RefId="4">
          <T>System.Management.Automation.PSCustomObject</T>
          <T>System.Object</T>
        </TN>
        <MS>
          <S N="copyright">(c) 2017 Chocolatey Software, Inc (c) 2013-2017 Lawrence Gripper, All rights reserved.</S>
          <S N="description">Chocolatey DSC Resources for use with internal packages and the community package repository. Learn more at http://chocolatey.org/</S>
          <S N="requireLicenseAcceptance">False</S>
          <S N="isLatestVersion">True</S>
          <S N="isAbsoluteLatestVersion">True</S>
          <S N="versionDownloadCount">14576</S>
          <S N="downloadCount">1346484</S>
          <S N="packageSize">34514</S>
          <S N="published">10/6/2023 1:35:18 PM +02:00</S>
          <S N="created">10/6/2023 1:35:18 PM +02:00</S>
          <S N="lastUpdated">3/20/2024 1:42:33 PM +01:00</S>
          <S N="tags">PSModule PSDscResource_cChocoConfig PSDscResource_cChocoFeature PSDscResource_cChocoInstaller PSDscResource_cChocoPackageInstall PSDscResource_cChocoPackageInstallerSet PSDscResource_cChocoSource PSIncludes_DscResource</S>
          <S N="developmentDependency">False</S>
          <S N="updated">2024-03-20T13:42:33Z</S>
          <S N="NormalizedVersion">2.6.0</S>
          <S N="Authors">Chocolatey Software Lawrence Gripper Javy de Koning</S>
          <S N="IsPrerelease">false</S>
          <S N="ItemType">Module</S>
          <S N="FileList">cChoco.nuspec|LICENSE|DSCResources\cChocoConfig\cChocoConfig.schema.mof|DSCResources\cChocoInstaller\cChocoInstaller.psm1|DSCResources\cChocoPackageInstall\cChocoPackageInstall.schema.mof|DSCResources\cChocoPackageInstallerSet\cChocoPackageInstallerSet.schema.psm1|DSCResources\cChocoSource\cChocoSource.schema.mof|Examples\cChocoFeatureExample.ps1|Examples\cChocoInstaller_cChocoInstallerExample.ps1|Tests\cChocoConfig.Tests.ps1|Tests\cChocoInstaller.Tests.ps1|Tests\cChoco_ScriptAnalyzer.Tests.ps1|cChoco.psd1|NOTICE|DSCResources\cChocoFeature\cChocoFeature.psm1|DSCResources\cChocoInstaller\cChocoInstaller.schema.mof|DSCResources\cChocoPackageInstallerSet\cChocoPackageInstallerSet.psd1|DSCResources\cChocoSource\cChocoSource.psm1|Examples\cChocoConfigExample.ps1|Examples\cChocoInstaller_cChocoInstallerAlternateDownloadExample.ps1|Examples\cChocoInstaller_cChocoPackageInstallExample.ps1|Tests\cChocoFeature.Tests.ps1|Tests\cChocoPackageInstall.Tests.ps1|Tests\cChoco_x005F_xDscResource.Tests.ps1|ExampleConfig.ps1|DSCResources\cChocoConfig\cChocoConfig.psm1|DSCResources\cChocoFeature\cChocoFeature.schema.mof|DSCResources\cChocoPackageInstall\cChocoPackageInstall.psm1</S>
          <S N="GUID">4857229F-8C2D-41BB-A068-9E3C0C8ED63D</S>
          <S N="PowerShellVersion">4.0</S>
          <S N="CLRVersion">4.0</S>
          <S N="CompanyName">Chocolatey Software</S>
        </MS>
      </Obj>
      <S N="InstalledLocation">C:\Users\hein.vanruitenbeek\OneDrive - Ekco Cloud Limited\Documents\PowerShell\Modules\cChoco\2.6.0.0</S>
    </MS>
  </Obj>
</Objs>
